Mean Gyro_X,Std Dev Gyro_X,Min Gyro_X,Max Gyro_X,Mean Gyro_Y,Std Dev Gyro_Y,Min Gyro_Y,Max Gyro_Y,Mean Gyro_Z,Std Dev Gyro_Z,Min Gyro_Z,Max Gyro_Z
0.028379471256378793,0.659143618559833,-3.16673531163,6.0233677209,-0.12271848558056508,0.8280915111690899,-7.54739348905,3.6703250289500007,0.02999946295753118,0.6361743746802573,-2.9523457169,5.1014523744
