Mean Acc_X,Std Dev Acc_X,Min Acc_X,Max Acc_X,Mean Acc_Y,Std Dev Acc_Y,Min Acc_Y,Max Acc_Y,Mean Acc_Z,Std Dev Acc_Z,Min Acc_Z,Max Acc_Z
0.4886594668622924,1.875110456136409,-15.705684858499996,4.8569274674,0.568652574108861,3.226067159447222,-10.4305720135,12.225384683,8.938566503712147,2.052545677222607,-2.4778797226215,12.986334777800002
