Mean Acc_X,Std Dev Acc_X,Min Acc_X,Max Acc_X,Mean Acc_Y,Std Dev Acc_Y,Min Acc_Y,Max Acc_Y,Mean Acc_Z,Std Dev Acc_Z,Min Acc_Z,Max Acc_Z
0.2535502263741074,0.44407122996500015,-0.427570861815,2.1653596116,0.9216141642513609,1.3025020230010356,-0.59439894104,5.7442223281,9.621148723675596,0.7157517182863188,6.4822401123,11.6848512265
