Mean Gyro_X,Std Dev Gyro_X,Min Gyro_X,Max Gyro_X,Mean Gyro_Y,Std Dev Gyro_Y,Min Gyro_Y,Max Gyro_Y,Mean Gyro_Z,Std Dev Gyro_Z,Min Gyro_Z,Max Gyro_Z
-0.002830370223230188,0.20215902838738328,-0.904254266635,1.028406861395,0.0006354610828169141,0.06035421659023971,-0.29450425208,0.3639592289849999,-0.0005449179168465372,0.024139723140365846,-0.173250094056,0.099765666285
