Mean Acc_X,Std Dev Acc_X,Min Acc_X,Max Acc_X,Mean Acc_Y,Std Dev Acc_Y,Min Acc_Y,Max Acc_Y,Mean Acc_Z,Std Dev Acc_Z,Min Acc_Z,Max Acc_Z
-0.4142289959360297,1.3895371842002215,-8.45821290835294,9.089970765317648,1.5466387263822385,2.036231835874475,-19.700580383917647,9.678281425035294,9.48345310170382,1.5535267860920667,-1.2933099551714289,12.25250174904762
