Mean Gyro_X,Std Dev Gyro_X,Min Gyro_X,Max Gyro_X,Mean Gyro_Y,Std Dev Gyro_Y,Min Gyro_Y,Max Gyro_Y,Mean Gyro_Z,Std Dev Gyro_Z,Min Gyro_Z,Max Gyro_Z
0.025946671151917882,0.5878811606861829,-4.729276467975717,8.24399010437647,-0.040639047799972614,0.4055225409730569,-6.082998806488096,3.303467372630588,0.023359370911930688,0.4129629185712899,-3.225155859321176,8.160601346658822
