Mean Acc_X,Std Dev Acc_X,Min Acc_X,Max Acc_X,Mean Acc_Y,Std Dev Acc_Y,Min Acc_Y,Max Acc_Y,Mean Acc_Z,Std Dev Acc_Z,Min Acc_Z,Max Acc_Z
-8.500458137299475,1.6033613700166076,-11.5759526835,3.68138452155,-1.5964374075443182,2.3023866799707875,-4.7605952912,10.0414037939,-3.0264688772959487,1.9647881718288438,-5.362905281150001,9.077258743699998
