Mean Gyro_X,Std Dev Gyro_X,Min Gyro_X,Max Gyro_X,Mean Gyro_Y,Std Dev Gyro_Y,Min Gyro_Y,Max Gyro_Y,Mean Gyro_Z,Std Dev Gyro_Z,Min Gyro_Z,Max Gyro_Z
0.018686169532296105,0.2178336260719541,-0.766520042735,3.50299296385,-0.023730397015906526,0.2997467603748665,-3.5990302500350007,0.71957693508,-0.023473661577104177,0.23319266696623386,-1.5757593776845,1.5381482720200002
