Mean Acc_X,Std Dev Acc_X,Min Acc_X,Max Acc_X,Mean Acc_Y,Std Dev Acc_Y,Min Acc_Y,Max Acc_Y,Mean Acc_Z,Std Dev Acc_Z,Min Acc_Z,Max Acc_Z
0.263338711710227,1.4376349433266091,-15.016128799000004,8.434136123600002,2.0322254018158477,2.719526637947718,-3.0307774657499995,10.45473925865,8.705960053053776,2.8429583368701,-4.717163108775,12.742402038599998
