Mean Gyro_X,Std Dev Gyro_X,Min Gyro_X,Max Gyro_X,Mean Gyro_Y,Std Dev Gyro_Y,Min Gyro_Y,Max Gyro_Y,Mean Gyro_Z,Std Dev Gyro_Z,Min Gyro_Z,Max Gyro_Z
-0.0008324069825031664,0.40022518251564265,-2.561820787565,3.5964547007550003,-0.08404238988920165,0.6564663813291645,-6.872643423049999,1.7297247885999998,-0.036632961896342096,0.45617594992145555,-3.5709658384500003,2.8087270379
