Mean Gyro_X,Std Dev Gyro_X,Min Gyro_X,Max Gyro_X,Mean Gyro_Y,Std Dev Gyro_Y,Min Gyro_Y,Max Gyro_Y,Mean Gyro_Z,Std Dev Gyro_Z,Min Gyro_Z,Max Gyro_Z
-0.0037280133055236195,0.23573969313906062,-1.09784460963,0.83659481108,-0.00027795776153652146,0.0792616318462355,-0.42287116051,0.6617418441899999,0.0010747798585183034,0.04695196354213963,-0.2496105851307499,0.302832226363
