Mean Acc_X,Std Dev Acc_X,Min Acc_X,Max Acc_X,Mean Acc_Y,Std Dev Acc_Y,Min Acc_Y,Max Acc_Y,Mean Acc_Z,Std Dev Acc_Z,Min Acc_Z,Max Acc_Z
-0.7755923390103221,0.4194400772180587,-2.79417947385,1.576132415825,-0.6000898711169681,1.0917272639135422,-4.9262333451,4.023834892349999,9.671137553092514,0.45163217436456116,7.611286533904762,12.704134117349998
