Mean Acc_X,Std Dev Acc_X,Min Acc_X,Max Acc_X,Mean Acc_Y,Std Dev Acc_Y,Min Acc_Y,Max Acc_Y,Mean Acc_Z,Std Dev Acc_Z,Min Acc_Z,Max Acc_Z
0.5941437407127172,0.7844588675916605,-11.46855102625,7.7588004914,-2.1522379521686497,2.492378112272074,-3.8930518569,23.8966815945,9.0989456984844,1.317138467853602,-6.0396704407,11.734592790000002
