Mean Gyro_X,Std Dev Gyro_X,Min Gyro_X,Max Gyro_X,Mean Gyro_Y,Std Dev Gyro_Y,Min Gyro_Y,Max Gyro_Y,Mean Gyro_Z,Std Dev Gyro_Z,Min Gyro_Z,Max Gyro_Z
-0.010171126021635486,0.40917878715632977,-7.4383126731,3.194166812285,-0.017063749337378843,0.3101243642779789,-5.6379651725,2.6119795979,-0.0054332860186563645,0.28170906190554024,-4.2835605382,3.8895654917
