Mean Gyro_X,Std Dev Gyro_X,Min Gyro_X,Max Gyro_X,Mean Gyro_Y,Std Dev Gyro_Y,Min Gyro_Y,Max Gyro_Y,Mean Gyro_Z,Std Dev Gyro_Z,Min Gyro_Z,Max Gyro_Z
-0.0021073690920128643,0.19231426278084957,-1.0422225802749998,1.02757208034,0.0013524387053801725,0.06949317121655527,-0.431612550843,0.39377572984,-5.922647821051458e-05,0.03547679250706125,-0.2177894525149999,0.16772567814065
