Mean Acc_X,Std Dev Acc_X,Min Acc_X,Max Acc_X,Mean Acc_Y,Std Dev Acc_Y,Min Acc_Y,Max Acc_Y,Mean Acc_Z,Std Dev Acc_Z,Min Acc_Z,Max Acc_Z
-0.7740914759512859,0.3638776481969135,-2.37943693538,1.344611009952381,0.7727360548010963,0.6727900422137205,-2.89706053175,3.7125796509,9.691058936980737,0.9581831696958093,3.8735848388,13.7500765675
