Mean Acc_X,Std Dev Acc_X,Min Acc_X,Max Acc_X,Mean Acc_Y,Std Dev Acc_Y,Min Acc_Y,Max Acc_Y,Mean Acc_Z,Std Dev Acc_Z,Min Acc_Z,Max Acc_Z
0.5044360308311893,1.715339198473497,-15.1503846135,11.136968056750003,1.016862226898665,1.9364245130379936,-2.990952781665,11.712004761,-6.418948145603655,6.9256647372062545,-11.595008056,13.608912619999998
