Mean Gyro_X,Std Dev Gyro_X,Min Gyro_X,Max Gyro_X,Mean Gyro_Y,Std Dev Gyro_Y,Min Gyro_Y,Max Gyro_Y,Mean Gyro_Z,Std Dev Gyro_Z,Min Gyro_Z,Max Gyro_Z
0.0103841164467397,0.3314933427680089,-2.0519326807,3.0690459905499994,-0.020620431743268698,0.6744684576235564,-8.862272525149999,4.088549232535,-0.007106083041864734,0.33693845877400547,-4.70787211665,2.0205974699
