Mean Acc_X,Std Dev Acc_X,Min Acc_X,Max Acc_X,Mean Acc_Y,Std Dev Acc_Y,Min Acc_Y,Max Acc_Y,Mean Acc_Z,Std Dev Acc_Z,Min Acc_Z,Max Acc_Z
-0.5765525556015076,0.8094269986167208,-9.8138020935,7.120655021599999,-0.6106194579501294,1.9657442039425255,-2.31165039835,11.208511779500002,9.413420057899666,1.5228513730829718,-8.948773429350002,12.237612279473684
