Mean Gyro_X,Std Dev Gyro_X,Min Gyro_X,Max Gyro_X,Mean Gyro_Y,Std Dev Gyro_Y,Min Gyro_Y,Max Gyro_Y,Mean Gyro_Z,Std Dev Gyro_Z,Min Gyro_Z,Max Gyro_Z
-0.02166940814709169,0.299135613930336,-4.93654764895,1.85948644539,0.058452898858585484,0.5452162994610956,-0.5127291584275,7.785674142749999,0.02979389468482663,0.3716724451022982,-1.03369203948,6.5728478193
