Mean Acc_X,Std Dev Acc_X,Min Acc_X,Max Acc_X,Mean Acc_Y,Std Dev Acc_Y,Min Acc_Y,Max Acc_Y,Mean Acc_Z,Std Dev Acc_Z,Min Acc_Z,Max Acc_Z
-1.1046253348570452,0.8613980710483713,-8.620037696947369,2.7066265411,0.7548244203190199,1.3290146305301445,-2.36180360423,7.745687759399999,9.641138735043114,1.6520450001270868,2.995744002526316,14.583243988499998
