Mean Gyro_X,Std Dev Gyro_X,Min Gyro_X,Max Gyro_X,Mean Gyro_Y,Std Dev Gyro_Y,Min Gyro_Y,Max Gyro_Y,Mean Gyro_Z,Std Dev Gyro_Z,Min Gyro_Z,Max Gyro_Z
0.021297912828571287,0.3594375110829831,-0.917891332555,2.323930520773685,-0.05645896489515333,0.532843379981947,-5.3698290588,1.9876599669100004,-0.06555782217323905,0.5427225808364416,-5.4785569907000005,1.534495528085
