Mean Acc_X,Std Dev Acc_X,Min Acc_X,Max Acc_X,Mean Acc_Y,Std Dev Acc_Y,Min Acc_Y,Max Acc_Y,Mean Acc_Z,Std Dev Acc_Z,Min Acc_Z,Max Acc_Z
-0.7446457420726249,1.782818972632387,-15.333072213,4.870242279,-0.46641735114896904,3.415463115723917,-5.67645824435,13.8107154695,8.776260674661263,2.569131598238924,-5.45268857575,11.9907326435
