Mean Gyro_X,Std Dev Gyro_X,Min Gyro_X,Max Gyro_X,Mean Gyro_Y,Std Dev Gyro_Y,Min Gyro_Y,Max Gyro_Y,Mean Gyro_Z,Std Dev Gyro_Z,Min Gyro_Z,Max Gyro_Z
0.010154586816249141,0.4755655725456217,-3.4747251034499995,2.900003621578948,-0.04227491074883089,0.658306782099862,-6.156306529149999,3.0454745174,-0.03457088595262845,0.4440321534430146,-2.6798113049000003,3.2758806943000005
