Mean Gyro_X,Std Dev Gyro_X,Min Gyro_X,Max Gyro_X,Mean Gyro_Y,Std Dev Gyro_Y,Min Gyro_Y,Max Gyro_Y,Mean Gyro_Z,Std Dev Gyro_Z,Min Gyro_Z,Max Gyro_Z
-0.005653235488147313,0.21142755850208278,-1.941900304,1.5866161122149998,-0.009111232258583686,0.26793065611157013,-4.5625935971,1.7010231808100005,-0.0041209215923434656,0.3583517550809833,-4.145205801664999,3.8122988343
