Mean Acc_X,Std Dev Acc_X,Min Acc_X,Max Acc_X,Mean Acc_Y,Std Dev Acc_Y,Min Acc_Y,Max Acc_Y,Mean Acc_Z,Std Dev Acc_Z,Min Acc_Z,Max Acc_Z
-0.015992823369831186,0.9721289895177656,-6.681767692549999,7.381614853099999,-1.3277103948932856,0.9450462765665617,-7.627209137449999,3.3282463759615,9.948382159497859,1.3624752217477938,1.7796492002999995,16.485435860499997
