"event","experiment time","system time","system time text"
"START",0.000000000000000E0,1.717689513852173E9,"2024-06-06 17:58:33.852 UTC+02:00"
