Mean Gyro_X,Std Dev Gyro_X,Min Gyro_X,Max Gyro_X,Mean Gyro_Y,Std Dev Gyro_Y,Min Gyro_Y,Max Gyro_Y,Mean Gyro_Z,Std Dev Gyro_Z,Min Gyro_Z,Max Gyro_Z
-0.002403139959302138,0.3240348121465534,-1.25983096965,0.9707251728,-0.0005694445618799178,0.09297498823682498,-0.6439777858255,0.5653567373699999,0.00016649833933237142,0.058439286840311994,-0.5092779884677999,0.2500058881955
