Mean Acc_X,Std Dev Acc_X,Min Acc_X,Max Acc_X,Mean Acc_Y,Std Dev Acc_Y,Min Acc_Y,Max Acc_Y,Mean Acc_Z,Std Dev Acc_Z,Min Acc_Z,Max Acc_Z
-0.5505452893274659,0.46261709244186044,-2.4112457885,0.9752893753350002,0.21006601597037725,1.3242004545996535,-4.155487191333334,4.3561213989,9.674432192910952,0.7300713545028237,6.2847857209,12.736983306
