Mean Acc_X,Std Dev Acc_X,Min Acc_X,Max Acc_X,Mean Acc_Y,Std Dev Acc_Y,Min Acc_Y,Max Acc_Y,Mean Acc_Z,Std Dev Acc_Z,Min Acc_Z,Max Acc_Z
0.09553452332587901,0.8612538371478937,-2.6469381637,7.461773162899999,-1.2009326865958119,1.5888818592379603,-5.0101488418,6.501302970999999,9.49725321887917,0.6207281363268612,6.061951606750001,12.301291832
