Mean Gyro_X,Std Dev Gyro_X,Min Gyro_X,Max Gyro_X,Mean Gyro_Y,Std Dev Gyro_Y,Min Gyro_Y,Max Gyro_Y,Mean Gyro_Z,Std Dev Gyro_Z,Min Gyro_Z,Max Gyro_Z
-0.0010882620065628215,0.23378063535080923,-1.1914508581,1.5338580132,0.004757188840534703,0.24698225378647545,-1.5558628140380002,2.2023116111499994,-0.0006398714574828174,0.18568988524493907,-2.10033527025,1.60631621488
