Mean Gyro_X,Std Dev Gyro_X,Min Gyro_X,Max Gyro_X,Mean Gyro_Y,Std Dev Gyro_Y,Min Gyro_Y,Max Gyro_Y,Mean Gyro_Z,Std Dev Gyro_Z,Min Gyro_Z,Max Gyro_Z
0.041248315206556196,0.44779990833188116,-1.129324307995,2.84324364955,-0.09668725412098823,0.7695334884647581,-7.159168863150001,2.6243764728015,-0.016166342634257824,0.42448597397483756,-3.0376749289473683,3.2008184551000007
