Mean Acc_X,Std Dev Acc_X,Min Acc_X,Max Acc_X,Mean Acc_Y,Std Dev Acc_Y,Min Acc_Y,Max Acc_Y,Mean Acc_Z,Std Dev Acc_Z,Min Acc_Z,Max Acc_Z
-0.018701077173217312,0.984277232880996,-8.249757041900002,11.1127858431,0.0647919876323312,1.970678005778648,-9.5266841582,10.89350683535,9.53436241183974,1.2902482338242125,-4.6583504104,11.9080745312
