Mean Gyro_X,Std Dev Gyro_X,Min Gyro_X,Max Gyro_X,Mean Gyro_Y,Std Dev Gyro_Y,Min Gyro_Y,Max Gyro_Y,Mean Gyro_Z,Std Dev Gyro_Z,Min Gyro_Z,Max Gyro_Z
0.0007605369304736193,0.328389270842545,-5.1234175921,1.88020760415,0.023815419835922058,0.36588037694532277,-4.8693423331,3.52235234975,-0.026160815554325947,0.3315340810933163,-5.50571312895,2.0259756713200003
