Mean Gyro_X,Std Dev Gyro_X,Min Gyro_X,Max Gyro_X,Mean Gyro_Y,Std Dev Gyro_Y,Min Gyro_Y,Max Gyro_Y,Mean Gyro_Z,Std Dev Gyro_Z,Min Gyro_Z,Max Gyro_Z
0.00786197215403941,0.3240618605853439,-1.8271568090000003,3.68414900305,0.02045547632550112,0.48330859909113794,-3.242317598950001,7.427893757749999,0.01420778157204911,0.4633244411748124,-5.189912366850001,6.64630644315
