Mean Acc_X,Std Dev Acc_X,Min Acc_X,Max Acc_X,Mean Acc_Y,Std Dev Acc_Y,Min Acc_Y,Max Acc_Y,Mean Acc_Z,Std Dev Acc_Z,Min Acc_Z,Max Acc_Z
0.21290217289848207,1.7332570710309723,-2.07327859498,16.7379981535,-1.2071611471966603,1.5061639715677841,-4.747392746049999,8.21144421375,9.482060574702146,1.2736454068615133,1.005391777052,12.608752464999998
