Mean Acc_X,Std Dev Acc_X,Min Acc_X,Max Acc_X,Mean Acc_Y,Std Dev Acc_Y,Min Acc_Y,Max Acc_Y,Mean Acc_Z,Std Dev Acc_Z,Min Acc_Z,Max Acc_Z
-0.7243557553277121,0.47830332661312097,-3.080444183304762,1.957920982415,0.42496545713016454,0.934271409449053,-4.323826057450001,5.18232829285,9.699030135347629,0.8957311193100035,4.567130104150001,14.2161922765
