Mean Gyro_X,Std Dev Gyro_X,Min Gyro_X,Max Gyro_X,Mean Gyro_Y,Std Dev Gyro_Y,Min Gyro_Y,Max Gyro_Y,Mean Gyro_Z,Std Dev Gyro_Z,Min Gyro_Z,Max Gyro_Z
-0.002724948457327391,0.20572867267132208,-1.3220948099099998,1.0596343039949998,0.0014122202101542623,0.09771224713483112,-0.539582584805,0.6715662394285713,-0.000768082833387918,0.041944612921157746,-0.304621460285,0.2844563963904761
