Mean Gyro_X,Std Dev Gyro_X,Min Gyro_X,Max Gyro_X,Mean Gyro_Y,Std Dev Gyro_Y,Min Gyro_Y,Max Gyro_Y,Mean Gyro_Z,Std Dev Gyro_Z,Min Gyro_Z,Max Gyro_Z
-0.008183138068928637,0.3087755889437301,-1.4460263907499995,0.653523030885,0.0006312427527432893,0.1465365906574811,-0.4296012356799999,0.5247989579999999,0.0005405408367431369,0.06254678723941429,-0.2021967965566666,0.233698154985
