Mean Acc_X,Std Dev Acc_X,Min Acc_X,Max Acc_X,Mean Acc_Y,Std Dev Acc_Y,Min Acc_Y,Max Acc_Y,Mean Acc_Z,Std Dev Acc_Z,Min Acc_Z,Max Acc_Z
-0.5453268217764355,0.6058917389656588,-2.838928916865,1.82583565511,0.5431821541782148,1.2704562954362268,-3.04570891575,4.9615973052,9.661458607670095,1.5155278757215047,4.1044123306,14.033616942499998
