Mean Gyro_X,Std Dev Gyro_X,Min Gyro_X,Max Gyro_X,Mean Gyro_Y,Std Dev Gyro_Y,Min Gyro_Y,Max Gyro_Y,Mean Gyro_Z,Std Dev Gyro_Z,Min Gyro_Z,Max Gyro_Z
-0.020331305857388637,0.5281758695575941,-1.6136241694127909,3.893492288325582,-0.04390946940216554,0.3620124503643919,-1.6758684598837206,2.0292253248267444,0.006640826252378352,0.29141825783641384,-1.286181179902353,2.583066581267442
