Mean Gyro_X,Std Dev Gyro_X,Min Gyro_X,Max Gyro_X,Mean Gyro_Y,Std Dev Gyro_Y,Min Gyro_Y,Max Gyro_Y,Mean Gyro_Z,Std Dev Gyro_Z,Min Gyro_Z,Max Gyro_Z
-0.03489938769642363,0.5922986597153588,-5.379869965952941,3.893492288325582,0.003587447001799338,0.5257893293054835,-2.1500522397558144,5.805295944258823,-0.016339242887488493,0.5635621582978539,-6.5503562938255815,4.957798318341176
