Mean Acc_X,Std Dev Acc_X,Min Acc_X,Max Acc_X,Mean Acc_Y,Std Dev Acc_Y,Min Acc_Y,Max Acc_Y,Mean Acc_Z,Std Dev Acc_Z,Min Acc_Z,Max Acc_Z
0.08470113693710224,1.6087930034251126,-12.851015711209302,7.629598501151163,1.1781085016119093,3.7030416037390887,-9.0782021867907,10.293978669383725,8.296222412198938,3.7283050121995385,-7.385714519308236,13.822279120581396
