Mean Acc_X,Std Dev Acc_X,Min Acc_X,Max Acc_X,Mean Acc_Y,Std Dev Acc_Y,Min Acc_Y,Max Acc_Y,Mean Acc_Z,Std Dev Acc_Z,Min Acc_Z,Max Acc_Z
0.2701653550666348,2.7332331114380666,-10.3812196429,10.077291664049998,2.461220287677207,3.7028289256356195,-3.84129698175,10.4659659119,-0.31199312401809753,8.463807721250332,-11.290833090999998,13.753796334
