Mean Gyro_X,Std Dev Gyro_X,Min Gyro_X,Max Gyro_X,Mean Gyro_Y,Std Dev Gyro_Y,Min Gyro_Y,Max Gyro_Y,Mean Gyro_Z,Std Dev Gyro_Z,Min Gyro_Z,Max Gyro_Z
0.045726660480831016,0.5452684821200627,-1.467265170815,2.888469840465,-0.005678371962088517,0.8382146789618728,-4.3125289022,4.258265757600001,-0.02916104092444553,0.4094302351450653,-2.8432696283000003,1.423625648795
