Mean Gyro_X,Std Dev Gyro_X,Min Gyro_X,Max Gyro_X,Mean Gyro_Y,Std Dev Gyro_Y,Min Gyro_Y,Max Gyro_Y,Mean Gyro_Z,Std Dev Gyro_Z,Min Gyro_Z,Max Gyro_Z
-0.0005456010236807536,0.37391975759249024,-0.8708835721050001,1.60052343005,-0.0016363469505507303,0.07817669087875002,-0.289094035335,0.244418879965,-0.0016528515262467026,0.02787010123843757,-0.0993948910487999,0.09574084017461
