Mean Acc_X,Std Dev Acc_X,Min Acc_X,Max Acc_X,Mean Acc_Y,Std Dev Acc_Y,Min Acc_Y,Max Acc_Y,Mean Acc_Z,Std Dev Acc_Z,Min Acc_Z,Max Acc_Z
0.22480988355773487,0.4591562742813837,-0.70306546785,1.465452575655,3.7705420323251437,2.1043698832243978,0.8445063400899999,7.0106338119,8.669496535336556,1.6021628354704849,5.116023674,11.204387855000002
