Mean Acc_X,Std Dev Acc_X,Min Acc_X,Max Acc_X,Mean Acc_Y,Std Dev Acc_Y,Min Acc_Y,Max Acc_Y,Mean Acc_Z,Std Dev Acc_Z,Min Acc_Z,Max Acc_Z
-0.23239746626388982,1.2211627901084456,-3.9799874771162793,19.81051254851163,-0.45044489198847865,1.947048614028139,-6.087897269425116,10.011124732709304,9.617716317498589,1.2569783939247505,0.3936615486567411,15.775211921860464
