Mean Gyro_X,Std Dev Gyro_X,Min Gyro_X,Max Gyro_X,Mean Gyro_Y,Std Dev Gyro_Y,Min Gyro_Y,Max Gyro_Y,Mean Gyro_Z,Std Dev Gyro_Z,Min Gyro_Z,Max Gyro_Z
0.00969666752606186,0.2618938478426661,-1.70582213514692,2.760025406583529,0.028072710903524388,0.39774083547524636,-1.3838573340755815,6.679142236709303,0.02299909028438167,0.3764972569975868,-1.6047777150634113,7.883618399209302
