Mean Gyro_X,Std Dev Gyro_X,Min Gyro_X,Max Gyro_X,Mean Gyro_Y,Std Dev Gyro_Y,Min Gyro_Y,Max Gyro_Y,Mean Gyro_Z,Std Dev Gyro_Z,Min Gyro_Z,Max Gyro_Z
0.020477964594353273,0.5681283883382987,-3.4157525062000005,4.116113079205263,-0.021125886988317,0.5056761854699741,-3.2620649159000004,2.8479349479,-0.034726096468568654,0.7264440909356064,-5.757675504699999,5.5192939282
