Mean Acc_X,Std Dev Acc_X,Min Acc_X,Max Acc_X,Mean Acc_Y,Std Dev Acc_Y,Min Acc_Y,Max Acc_Y,Mean Acc_Z,Std Dev Acc_Z,Min Acc_Z,Max Acc_Z
-0.17516516334705085,1.3041659134867951,-8.086349349950002,3.78111463165,1.7534308416114017,1.7352012370796104,-7.98271236425,12.37317235525,9.79452032463619,3.190745136700684,0.37958814239,18.5086211248
