Mean Gyro_X,Std Dev Gyro_X,Min Gyro_X,Max Gyro_X,Mean Gyro_Y,Std Dev Gyro_Y,Min Gyro_Y,Max Gyro_Y,Mean Gyro_Z,Std Dev Gyro_Z,Min Gyro_Z,Max Gyro_Z
0.03165765631063566,0.5616710086080002,-2.3485050198807147,5.043825808059524,-0.13750610155796544,0.681163067652077,-5.782394243670589,0.789573081618,0.045820048512500905,0.45007074243416567,-1.8111441618941175,3.657567027071429
