Mean Acc_X,Std Dev Acc_X,Min Acc_X,Max Acc_X,Mean Acc_Y,Std Dev Acc_Y,Min Acc_Y,Max Acc_Y,Mean Acc_Z,Std Dev Acc_Z,Min Acc_Z,Max Acc_Z
1.1082043381682494,1.87349927090745,-14.401341949273812,10.12486930420238,-0.43174270802950787,2.784802267260287,-14.285615629411764,5.040216990035294,9.257301400891796,2.00452849293376,-4.894070059230954,12.167942967294117
