Mean Acc_X,Std Dev Acc_X,Min Acc_X,Max Acc_X,Mean Acc_Y,Std Dev Acc_Y,Min Acc_Y,Max Acc_Y,Mean Acc_Z,Std Dev Acc_Z,Min Acc_Z,Max Acc_Z
-5.006011215818332,3.5852614159579663,-10.364828727749998,12.3769145735,2.563722281464884,2.354833936880012,-1.9490070190324995,11.475496581700002,6.815984650229659,2.001307580353973,-6.232851219165,11.0530824966
