Mean Gyro_X,Std Dev Gyro_X,Min Gyro_X,Max Gyro_X,Mean Gyro_Y,Std Dev Gyro_Y,Min Gyro_Y,Max Gyro_Y,Mean Gyro_Z,Std Dev Gyro_Z,Min Gyro_Z,Max Gyro_Z
0.000559291668215162,0.4770899071353893,-4.073328325109999,5.71971196229,0.02307154239187457,0.8911575496234911,-10.1816394806,8.28909609335,-0.014017977679603307,0.3992301971218403,-3.61389716865,2.106977303011
