Mean Acc_X,Std Dev Acc_X,Min Acc_X,Max Acc_X,Mean Acc_Y,Std Dev Acc_Y,Min Acc_Y,Max Acc_Y,Mean Acc_Z,Std Dev Acc_Z,Min Acc_Z,Max Acc_Z
-0.2508320761985155,0.42606973738689663,-1.36704721067,1.9418968049000005,2.2000486268926265,1.2237225893130603,-0.5587808663752047,6.884191749550001,9.418646588466894,0.8781170665516188,4.96410459125,11.7969456253
