Mean Gyro_X,Std Dev Gyro_X,Min Gyro_X,Max Gyro_X,Mean Gyro_Y,Std Dev Gyro_Y,Min Gyro_Y,Max Gyro_Y,Mean Gyro_Z,Std Dev Gyro_Z,Min Gyro_Z,Max Gyro_Z
0.003579694167341431,0.20688347850786892,-1.12254694098,1.2726945394904765,0.0003985893524787741,0.07465225179582571,-0.3767309024999999,0.4939789771999999,-0.0002739506614615151,0.03253293191830594,-0.2809428606215001,0.1701061342367
