Mean Acc_X,Std Dev Acc_X,Min Acc_X,Max Acc_X,Mean Acc_Y,Std Dev Acc_Y,Min Acc_Y,Max Acc_Y,Mean Acc_Z,Std Dev Acc_Z,Min Acc_Z,Max Acc_Z
-0.51541022377846,0.4387546950997724,-2.131050956675,1.714121180990476,-0.7637880827872529,1.471107254990435,-4.37623207855,4.1397313843,9.6275774971184,0.5792115056513749,7.6925332947,12.2596858525
