Mean Gyro_X,Std Dev Gyro_X,Min Gyro_X,Max Gyro_X,Mean Gyro_Y,Std Dev Gyro_Y,Min Gyro_Y,Max Gyro_Y,Mean Gyro_Z,Std Dev Gyro_Z,Min Gyro_Z,Max Gyro_Z
-0.005912924264681793,0.30734147182226756,-1.1605842173199998,0.8910905063050001,0.0004727928910513148,0.0886656293122952,-0.57798651308,0.5234777219600001,0.0015148726911947308,0.052411136335512795,-0.27225576364,0.2420760828066667
