Mean Gyro_X,Std Dev Gyro_X,Min Gyro_X,Max Gyro_X,Mean Gyro_Y,Std Dev Gyro_Y,Min Gyro_Y,Max Gyro_Y,Mean Gyro_Z,Std Dev Gyro_Z,Min Gyro_Z,Max Gyro_Z
0.06347504219997527,0.6923916554579288,-2.658697229635,3.6657337546,-0.1567734305796314,1.0529293788814929,-3.1866656781,3.9620712399500007,-0.02386378807247473,0.5657650670366846,-2.72215677806,3.38969609735
