Mean Acc_X,Std Dev Acc_X,Min Acc_X,Max Acc_X,Mean Acc_Y,Std Dev Acc_Y,Min Acc_Y,Max Acc_Y,Mean Acc_Z,Std Dev Acc_Z,Min Acc_Z,Max Acc_Z
0.7975474451781407,2.052539514792121,-9.5922403337,7.93146643034015,-0.6363991411629022,3.4827692417477922,-19.195430397000003,9.48941166695,8.915650635677306,2.3334255806158724,-14.81883158055,12.846952124499998
