Mean Gyro_X,Std Dev Gyro_X,Min Gyro_X,Max Gyro_X,Mean Gyro_Y,Std Dev Gyro_Y,Min Gyro_Y,Max Gyro_Y,Mean Gyro_Z,Std Dev Gyro_Z,Min Gyro_Z,Max Gyro_Z
0.0538539593643529,0.5782263289180467,-1.918221516175,5.795901353045,-0.04345104816456018,0.42163917685191377,-4.4548663795,1.766713394315,0.04488701222258131,0.6827529871954604,-2.41690424073,8.628379726599999
