Mean Acc_X,Std Dev Acc_X,Min Acc_X,Max Acc_X,Mean Acc_Y,Std Dev Acc_Y,Min Acc_Y,Max Acc_Y,Mean Acc_Z,Std Dev Acc_Z,Min Acc_Z,Max Acc_Z
0.5573974731279918,0.4287796943877574,-0.5073923720969999,2.3108795013,2.805938896739852,1.8910653032055522,0.45866869354,6.341547683650001,9.098236184483955,1.399266459809202,5.777243659849999,11.7695376205
