Mean Gyro_X,Std Dev Gyro_X,Min Gyro_X,Max Gyro_X,Mean Gyro_Y,Std Dev Gyro_Y,Min Gyro_Y,Max Gyro_Y,Mean Gyro_Z,Std Dev Gyro_Z,Min Gyro_Z,Max Gyro_Z
-0.0024966178637203513,0.34929181630323447,-1.1177553027799998,1.05922555621,-8.232077088569478e-05,0.10304349494315726,-0.3757574223,0.3509680245049999,-0.0003005451837392176,0.042065456657827786,-0.1458243922904761,0.17152885197765
