Mean Acc_X,Std Dev Acc_X,Min Acc_X,Max Acc_X,Mean Acc_Y,Std Dev Acc_Y,Min Acc_Y,Max Acc_Y,Mean Acc_Z,Std Dev Acc_Z,Min Acc_Z,Max Acc_Z
-0.27185387604046,0.3891161807857822,-1.6507971496299998,1.15831377413,0.1442858028111439,0.9178366645370992,-2.6153538437499995,3.5484085464,9.730626306398886,1.144015685928591,3.99471295165,12.914416833
