Mean Gyro_X,Std Dev Gyro_X,Min Gyro_X,Max Gyro_X,Mean Gyro_Y,Std Dev Gyro_Y,Min Gyro_Y,Max Gyro_Y,Mean Gyro_Z,Std Dev Gyro_Z,Min Gyro_Z,Max Gyro_Z
-0.004913723175599633,0.23148479480187792,-0.86785219012,0.7477727844714286,-0.00038832025720095465,0.08199889797926788,-0.30571051054,0.4663950722605,9.447304712444928e-05,0.04117645003877725,-0.194297794635,0.1890650222015
