Mean Acc_X,Std Dev Acc_X,Min Acc_X,Max Acc_X,Mean Acc_Y,Std Dev Acc_Y,Min Acc_Y,Max Acc_Y,Mean Acc_Z,Std Dev Acc_Z,Min Acc_Z,Max Acc_Z
-1.3016060590057803,2.134294009947724,-11.041416168176472,11.06727833266667,0.6760328939365721,2.3726218201438836,-13.648136026282351,5.392180055705882,9.303072355773391,1.5278842252682145,-6.528211262740477,12.91869636940476
