Mean Gyro_X,Std Dev Gyro_X,Min Gyro_X,Max Gyro_X,Mean Gyro_Y,Std Dev Gyro_Y,Min Gyro_Y,Max Gyro_Y,Mean Gyro_Z,Std Dev Gyro_Z,Min Gyro_Z,Max Gyro_Z
0.018042892315568968,0.3837319177539036,-1.7254171392069408,5.1617711491369045,-0.07745783451371897,0.5318332485800904,-4.95022625362353,1.252910610502353,0.03694623761530057,0.44884963326148547,-2.061441520686941,4.867669985369047
