Mean Gyro_X,Std Dev Gyro_X,Min Gyro_X,Max Gyro_X,Mean Gyro_Y,Std Dev Gyro_Y,Min Gyro_Y,Max Gyro_Y,Mean Gyro_Z,Std Dev Gyro_Z,Min Gyro_Z,Max Gyro_Z
-0.0062256452821029306,0.3723969736900082,-1.16420826311,0.85779508954,0.0003671758789156735,0.15507604222080754,-0.8493010163599999,0.5304793193900001,0.004467131165957318,0.07506007891644179,-0.2450014777399999,0.366182303603
