Mean Acc_X,Std Dev Acc_X,Min Acc_X,Max Acc_X,Mean Acc_Y,Std Dev Acc_Y,Min Acc_Y,Max Acc_Y,Mean Acc_Z,Std Dev Acc_Z,Min Acc_Z,Max Acc_Z
-0.452119123391845,0.7486945885620436,-2.4146736603,2.1595292358750005,0.16570926422945095,1.7194101223926144,-3.4899625854,4.64034285735,9.597593913701523,0.8084766941322387,6.815377349904762,11.672928520000005
