Mean Gyro_X,Std Dev Gyro_X,Min Gyro_X,Max Gyro_X,Mean Gyro_Y,Std Dev Gyro_Y,Min Gyro_Y,Max Gyro_Y,Mean Gyro_Z,Std Dev Gyro_Z,Min Gyro_Z,Max Gyro_Z
-0.0016051004616169462,0.23132357705850748,-1.0260699033350005,0.86285465357,0.0003834769138974203,0.06657457017801312,-0.502518905052381,0.64771717116,0.0007043903191215265,0.03976618443272037,-0.2566469348999999,0.3068873193106999
