Mean Acc_X,Std Dev Acc_X,Min Acc_X,Max Acc_X,Mean Acc_Y,Std Dev Acc_Y,Min Acc_Y,Max Acc_Y,Mean Acc_Z,Std Dev Acc_Z,Min Acc_Z,Max Acc_Z
-0.806913054416625,0.34307266929774194,-2.3748265228000003,1.4722634125099998,0.11664927869231385,0.9993309899935806,-3.894593650850001,4.49320632945,9.69714826638817,0.5243189771937472,6.86623658755,12.479477364285716
