Mean Gyro_X,Std Dev Gyro_X,Min Gyro_X,Max Gyro_X,Mean Gyro_Y,Std Dev Gyro_Y,Min Gyro_Y,Max Gyro_Y,Mean Gyro_Z,Std Dev Gyro_Z,Min Gyro_Z,Max Gyro_Z
0.005542382133887679,0.2735249315322639,-1.63092918985,1.7079196036549995,-0.05444529035990448,0.5358699246649778,-6.326327753099999,2.379531466885,-0.028024667955619885,0.2357854172882111,-2.71064187736,0.4375125989349999
