Mean Acc_X,Std Dev Acc_X,Min Acc_X,Max Acc_X,Mean Acc_Y,Std Dev Acc_Y,Min Acc_Y,Max Acc_Y,Mean Acc_Z,Std Dev Acc_Z,Min Acc_Z,Max Acc_Z
-0.910449360135259,0.8438747685810455,-8.97821720125,5.4763843003,-0.5622833180827993,1.2441643676884937,-4.160424668263159,6.8351462401,9.65671122394329,1.575025772549767,-4.696700660701151,14.6839321055
