Mean Acc_X,Std Dev Acc_X,Min Acc_X,Max Acc_X,Mean Acc_Y,Std Dev Acc_Y,Min Acc_Y,Max Acc_Y,Mean Acc_Z,Std Dev Acc_Z,Min Acc_Z,Max Acc_Z
0.13973108164279996,0.5197484710853849,-0.53861743927,1.525720106047619,1.7381405878120146,1.880556519810809,0.330916854865,6.03779184725,9.392377546855172,1.0350671720606148,6.2126432418,11.58884088135
