Mean Gyro_X,Std Dev Gyro_X,Min Gyro_X,Max Gyro_X,Mean Gyro_Y,Std Dev Gyro_Y,Min Gyro_Y,Max Gyro_Y,Mean Gyro_Z,Std Dev Gyro_Z,Min Gyro_Z,Max Gyro_Z
0.0011037497494387606,0.2500405770434878,-0.747008290895,1.21132274569,-0.0008238418509273481,0.060443884538041996,-0.28118043765,0.2595433749379999,-0.0008765376934364061,0.026760859905642937,-0.1713471608249999,0.107596856359
