Mean Acc_X,Std Dev Acc_X,Min Acc_X,Max Acc_X,Mean Acc_Y,Std Dev Acc_Y,Min Acc_Y,Max Acc_Y,Mean Acc_Z,Std Dev Acc_Z,Min Acc_Z,Max Acc_Z
-0.08909705663110049,0.5321319252921519,-2.73568112178,1.6983008651399998,-0.021700029020567703,0.9677215176275061,-3.5784361038,4.481102927095238,9.720649412073762,1.112989475154149,4.52838317875,13.86890696
