Mean Gyro_X,Std Dev Gyro_X,Min Gyro_X,Max Gyro_X,Mean Gyro_Y,Std Dev Gyro_Y,Min Gyro_Y,Max Gyro_Y,Mean Gyro_Z,Std Dev Gyro_Z,Min Gyro_Z,Max Gyro_Z
-0.005726689596471845,0.2125670527732917,-0.84667671168,0.8056387338409999,-7.463540473923385e-06,0.11716538743964287,-0.559774735501762,0.6754577621333334,0.0004977517865210978,0.048024450773272394,-0.343789394195,0.2503295137534999
