Mean Gyro_X,Std Dev Gyro_X,Min Gyro_X,Max Gyro_X,Mean Gyro_Y,Std Dev Gyro_Y,Min Gyro_Y,Max Gyro_Y,Mean Gyro_Z,Std Dev Gyro_Z,Min Gyro_Z,Max Gyro_Z
0.016253150633110624,0.25144739537903654,-1.3231874242,1.412363148755,-0.0341750993120305,0.36949593131417524,-3.16697066718,0.993292341817,-0.03796019987717361,0.2728424934168452,-1.59207174765,1.1747252703100002
