Mean Acc_X,Std Dev Acc_X,Min Acc_X,Max Acc_X,Mean Acc_Y,Std Dev Acc_Y,Min Acc_Y,Max Acc_Y,Mean Acc_Z,Std Dev Acc_Z,Min Acc_Z,Max Acc_Z
-7.587024522451079,2.9740972960007213,-11.877755081,1.860675705,-0.08037622961931193,3.0707908716447556,-3.9064415131,10.8556804953,3.978973187795652,1.9761946867206566,-0.7659496994450001,11.23252185015
