Mean Acc_X,Std Dev Acc_X,Min Acc_X,Max Acc_X,Mean Acc_Y,Std Dev Acc_Y,Min Acc_Y,Max Acc_Y,Mean Acc_Z,Std Dev Acc_Z,Min Acc_Z,Max Acc_Z
-0.019804718430540054,0.4633779224153112,-0.9853865923714286,1.8119146041,1.4541770381529247,1.602872096957111,-0.1800306243779999,6.049774429299999,9.500053359274148,0.9646218469079888,6.116947242650001,11.86609433
