Mean Gyro_X,Std Dev Gyro_X,Min Gyro_X,Max Gyro_X,Mean Gyro_Y,Std Dev Gyro_Y,Min Gyro_Y,Max Gyro_Y,Mean Gyro_Z,Std Dev Gyro_Z,Min Gyro_Z,Max Gyro_Z
-0.004596940626444384,0.2623280640039561,-0.8004476398249999,0.911144314765,0.0007350717993865846,0.07320088983075525,-0.3440048135849999,0.47170555591,-0.001302718804815726,0.027352844074903942,-0.1574598774326999,0.1615985806935
