Mean Acc_X,Std Dev Acc_X,Min Acc_X,Max Acc_X,Mean Acc_Y,Std Dev Acc_Y,Min Acc_Y,Max Acc_Y,Mean Acc_Z,Std Dev Acc_Z,Min Acc_Z,Max Acc_Z
1.093074758775952,2.2617428848937458,-12.6326802057,11.1450587306,1.3948942639785908,2.232810420776888,-2.7679914322,10.5539828794,-4.135196698413316,8.225750021172862,-10.10862151345,13.107769753
