Mean Gyro_X,Std Dev Gyro_X,Min Gyro_X,Max Gyro_X,Mean Gyro_Y,Std Dev Gyro_Y,Min Gyro_Y,Max Gyro_Y,Mean Gyro_Z,Std Dev Gyro_Z,Min Gyro_Z,Max Gyro_Z
0.008086427253306518,0.34685574710701733,-2.42052559255,2.505111128,-0.0910622595810922,0.7473611047039115,-7.49143579,3.05128560065,-0.03735688657302216,0.3880513434268227,-4.515204417750001,2.617903191
