Mean Acc_X,Std Dev Acc_X,Min Acc_X,Max Acc_X,Mean Acc_Y,Std Dev Acc_Y,Min Acc_Y,Max Acc_Y,Mean Acc_Z,Std Dev Acc_Z,Min Acc_Z,Max Acc_Z
-0.4671852518650571,1.365753096450306,-5.029730095747369,13.156321288250002,-0.7790959007174907,2.3105948000827414,-3.71023702235,12.240817588549998,9.343094318129621,1.6153458607302962,-3.9424266816000006,11.7333054655
