Mean Gyro_X,Std Dev Gyro_X,Min Gyro_X,Max Gyro_X,Mean Gyro_Y,Std Dev Gyro_Y,Min Gyro_Y,Max Gyro_Y,Mean Gyro_Z,Std Dev Gyro_Z,Min Gyro_Z,Max Gyro_Z
-0.0025306019088417392,0.3574536955238804,-2.497244465375,3.4665348946,0.01925179655629115,0.5776288428334493,-4.0056619406500005,6.1363566160000005,-0.029074617363603034,0.4088752770621622,-6.81907541765,1.4814748979000003
