Mean Gyro_X,Std Dev Gyro_X,Min Gyro_X,Max Gyro_X,Mean Gyro_Y,Std Dev Gyro_Y,Min Gyro_Y,Max Gyro_Y,Mean Gyro_Z,Std Dev Gyro_Z,Min Gyro_Z,Max Gyro_Z
0.002351162060159038,0.5432399837958857,-2.9064842701,3.6934356094,0.07032828912842523,0.7179436310019244,-3.419032418005,5.838776183199999,-0.006325823219434203,0.4950411121599396,-3.3411235691,3.152244953805
