Mean Acc_X,Std Dev Acc_X,Min Acc_X,Max Acc_X,Mean Acc_Y,Std Dev Acc_Y,Min Acc_Y,Max Acc_Y,Mean Acc_Z,Std Dev Acc_Z,Min Acc_Z,Max Acc_Z
-4.845320196362166,4.758168140611969,-12.8271557926,13.843115592699998,2.5317650342844242,1.8387813076828372,-2.237726623441,11.9546426938,6.510707398823776,1.8986199554757712,-4.175649192925,11.23359212525
