Mean Acc_X,Std Dev Acc_X,Min Acc_X,Max Acc_X,Mean Acc_Y,Std Dev Acc_Y,Min Acc_Y,Max Acc_Y,Mean Acc_Z,Std Dev Acc_Z,Min Acc_Z,Max Acc_Z
0.5863621857903759,1.1588487095325983,-7.795616432395001,6.536749259899999,2.0005655572714,1.0441121064402832,-1.9056240764842105,9.7080694653825,9.825206543965734,1.964744939229377,1.273626480075,18.0800548335
