Mean Gyro_X,Std Dev Gyro_X,Min Gyro_X,Max Gyro_X,Mean Gyro_Y,Std Dev Gyro_Y,Min Gyro_Y,Max Gyro_Y,Mean Gyro_Z,Std Dev Gyro_Z,Min Gyro_Z,Max Gyro_Z
-0.011467484707154578,0.3752490016978517,-2.600896114135,2.5989281296799995,0.01350334451051087,0.33402528863890407,-1.91199272875,5.034817438315789,-0.00761328470794581,0.4226534976853316,-4.68643298145,2.63434458975
