Mean Gyro_X,Std Dev Gyro_X,Min Gyro_X,Max Gyro_X,Mean Gyro_Y,Std Dev Gyro_Y,Min Gyro_Y,Max Gyro_Y,Mean Gyro_Z,Std Dev Gyro_Z,Min Gyro_Z,Max Gyro_Z
0.011577344642870127,0.48602813812753703,-2.06882497673,3.10536491612,-0.06323802034181393,0.6714137906986689,-5.1262353778,4.71013379095,-0.041479253234613406,0.6162952931511163,-7.15333573815,3.364540070150001
