Mean Acc_X,Std Dev Acc_X,Min Acc_X,Max Acc_X,Mean Acc_Y,Std Dev Acc_Y,Min Acc_Y,Max Acc_Y,Mean Acc_Z,Std Dev Acc_Z,Min Acc_Z,Max Acc_Z
-0.3359685090973263,1.6251857672989198,-13.3621956715,3.712130584789474,1.568055668219058,3.150555516682738,-3.4684822541000004,11.7023797754,8.518697369010614,3.1339869683479136,-6.70975948335,12.735359184999998
