Mean Acc_X,Std Dev Acc_X,Min Acc_X,Max Acc_X,Mean Acc_Y,Std Dev Acc_Y,Min Acc_Y,Max Acc_Y,Mean Acc_Z,Std Dev Acc_Z,Min Acc_Z,Max Acc_Z
-0.05279072733210201,0.3622725086205176,-1.1498563614795,1.125464584305,-0.36156470772493143,1.2970717275785149,-2.75319470205,3.3344584579999994,9.684819402893034,1.6371472820117707,3.8471572951499993,13.503090179
