Mean Gyro_X,Std Dev Gyro_X,Min Gyro_X,Max Gyro_X,Mean Gyro_Y,Std Dev Gyro_Y,Min Gyro_Y,Max Gyro_Y,Mean Gyro_Z,Std Dev Gyro_Z,Min Gyro_Z,Max Gyro_Z
-0.02224712271944313,0.34173514486842826,-0.93258504275,0.717931744455,-0.0010142737101980627,0.117485662602165,-0.34196019432,0.319966688745,0.002215776732746245,0.055806617117063334,-0.1979954384680952,0.2928923201719047
