Mean Gyro_X,Std Dev Gyro_X,Min Gyro_X,Max Gyro_X,Mean Gyro_Y,Std Dev Gyro_Y,Min Gyro_Y,Max Gyro_Y,Mean Gyro_Z,Std Dev Gyro_Z,Min Gyro_Z,Max Gyro_Z
0.006018627968671294,0.3685201301219448,-3.15970880975,4.99227485655,-0.02359245600827297,0.40919353657259894,-6.2796529769500005,1.59366554035,0.005242678749532185,0.3424985006719858,-4.1422681809,3.506901538400001
