Mean Acc_X,Std Dev Acc_X,Min Acc_X,Max Acc_X,Mean Acc_Y,Std Dev Acc_Y,Min Acc_Y,Max Acc_Y,Mean Acc_Z,Std Dev Acc_Z,Min Acc_Z,Max Acc_Z
0.375613684761145,1.311296552128694,-6.5328124466,9.374667778150002,-1.5583721443241036,1.8157630542883985,-5.870305137600001,11.121266064761905,9.250104792265423,2.243620032710726,-9.520335693222224,14.0514822925
