Mean Gyro_X,Std Dev Gyro_X,Min Gyro_X,Max Gyro_X,Mean Gyro_Y,Std Dev Gyro_Y,Min Gyro_Y,Max Gyro_Y,Mean Gyro_Z,Std Dev Gyro_Z,Min Gyro_Z,Max Gyro_Z
-0.005170800751491022,0.34574391751053357,-0.875380408765,0.920082867165,-8.405197731073618e-05,0.11402470809788093,-0.5400731660095001,0.368556535235,0.002913880741606679,0.08069807955423297,-0.4432004410829999,0.3015399616199999
