Mean Acc_X,Std Dev Acc_X,Min Acc_X,Max Acc_X,Mean Acc_Y,Std Dev Acc_Y,Min Acc_Y,Max Acc_Y,Mean Acc_Z,Std Dev Acc_Z,Min Acc_Z,Max Acc_Z
-0.6453929426084116,0.588632570035148,-2.5780139923,1.5502587204279998,-0.20126026524673712,1.6660045764462506,-3.83200131215,4.22791300965,9.617257874138726,0.7205803765424501,7.69178485105,12.497608588800002
