Mean Acc_X,Std Dev Acc_X,Min Acc_X,Max Acc_X,Mean Acc_Y,Std Dev Acc_Y,Min Acc_Y,Max Acc_Y,Mean Acc_Z,Std Dev Acc_Z,Min Acc_Z,Max Acc_Z
-0.07727244021005154,2.3970583029164256,-7.812426475700002,10.03657633245,-0.6566312578955654,2.0553744419059754,-4.72401136775,10.005126731549998,8.878514728866525,3.0997140163383583,-8.809480590700002,14.1340131685
