Mean Gyro_X,Std Dev Gyro_X,Min Gyro_X,Max Gyro_X,Mean Gyro_Y,Std Dev Gyro_Y,Min Gyro_Y,Max Gyro_Y,Mean Gyro_Z,Std Dev Gyro_Z,Min Gyro_Z,Max Gyro_Z
0.010377333649930126,0.456971068834993,-4.401941132599999,3.50058116915,-0.033823639311745035,0.5496440185866811,-5.192469215400001,2.8939049065,0.014073537371760153,0.2992761358364239,-2.3126994849,3.608916008350001
