Mean Acc_X,Std Dev Acc_X,Min Acc_X,Max Acc_X,Mean Acc_Y,Std Dev Acc_Y,Min Acc_Y,Max Acc_Y,Mean Acc_Z,Std Dev Acc_Z,Min Acc_Z,Max Acc_Z
0.32221243218457335,1.335877142837174,-3.125471553162791,20.8040903666279,0.3190320053957103,2.456683819486961,-3.020521235888373,10.659524041348838,9.317180237383518,2.1634704298711944,-3.0408323849976746,13.69512569034884
