Mean Gyro_X,Std Dev Gyro_X,Min Gyro_X,Max Gyro_X,Mean Gyro_Y,Std Dev Gyro_Y,Min Gyro_Y,Max Gyro_Y,Mean Gyro_Z,Std Dev Gyro_Z,Min Gyro_Z,Max Gyro_Z
0.023583880447202957,0.3675303023420406,-1.4471137996451164,3.776619428670589,0.0420086864597487,0.5684181805800405,-2.78655914585,8.661018449186047,0.014895342275383706,0.2705888185131007,-1.165991698780814,4.703353357848838
