Mean Gyro_X,Std Dev Gyro_X,Min Gyro_X,Max Gyro_X,Mean Gyro_Y,Std Dev Gyro_Y,Min Gyro_Y,Max Gyro_Y,Mean Gyro_Z,Std Dev Gyro_Z,Min Gyro_Z,Max Gyro_Z
-0.010852482618134669,0.3279845002726797,-3.483752237225,2.5972836494800005,0.034475131870957805,0.4929280493893287,-3.86533875455,5.397735997315789,-0.0003705399191358559,0.44280586717751375,-5.185888934199999,5.30161676395
