Mean Acc_X,Std Dev Acc_X,Min Acc_X,Max Acc_X,Mean Acc_Y,Std Dev Acc_Y,Min Acc_Y,Max Acc_Y,Mean Acc_Z,Std Dev Acc_Z,Min Acc_Z,Max Acc_Z
-0.022422885468062804,1.1423384735170188,-4.977943313515,11.4239063648,0.04024386617889246,2.7995843921732484,-3.0640532684499995,10.656655161526317,9.055878261985198,2.4024947381301596,-9.755702386473686,12.3073093185
