Mean Gyro_X,Std Dev Gyro_X,Min Gyro_X,Max Gyro_X,Mean Gyro_Y,Std Dev Gyro_Y,Min Gyro_Y,Max Gyro_Y,Mean Gyro_Z,Std Dev Gyro_Z,Min Gyro_Z,Max Gyro_Z
0.03386108140933705,0.6699686357726379,-4.608362102550001,3.2502617954,-0.10676886448902702,0.8222154745809969,-5.8369874984350005,2.175161816205,0.015332006771581724,0.6452989142415918,-3.4417313158,3.923355962410001
